concentracion,imagen,link,proximo
Eau de Parfum,https://fimgs.net/mdimg/perfume-thumbs/dark-375x500.83132.2x.avif,https://www.fragrantica.es/perfume/Armaf/Odyssey-Mandarin-Sky-83132.html,no
Eau de Parfum,https://fimgs.net/mdimg/perfume-thumbs/dark-375x500.83134.2x.avif,https://www.fragrantica.es/perfume/Armaf/Odyssey-Aqua-Edition-83134.html,no
Eau de Parfum,https://fimgs.net/mdimg/perfume-thumbs/dark-375x500.64464.2x.avif,https://www.fragrantica.es/perfume/Armaf/Odyssey-Homme-64464.html,no
Eau de Toilette,https://fimgs.net/mdimg/perfume-thumbs/dark-375x500.34696.2x.avif,https://www.fragrantica.es/perfume/Armaf/Odyssey-Homme-64464.html,si
Eau de Parfum,https://fimgs.net/mdimg/perfume-thumbs/dark-375x500.77860.2x.avif,https://www.fragrantica.es/perfume/Armaf/Club-de-Nuit-Intense-Man-34696.html,no
Eau de Parfum,https://fimgs.net/mdimg/perfume-thumbs/dark-375x500.64947.2x.avif,https://www.fragrantica.es/perfume/Lattafa-Perfumes/Ameer-Al-Oudh-Intense-Oud-64947.html,no
Eau de Parfum,https://fimgs.net/mdimg/perfume-thumbs/dark-375x500.88175.2x.avif,https://www.fragrantica.es/perfume/Lattafa-Perfumes/Khamrah-Qahwa-88175.html,no
Eau de Parfum,https://fimgs.net/mdimg/perfume-thumbs/dark-375x500.81121.2x.avif,https://www.fragrantica.es/perfume/Lattafa-Perfumes/Ishq-Al-Shuyukh-Gold-81121.html,no
Eau de Parfum,https://fimgs.net/mdimg/perfume-thumbs/dark-375x500.89454.2x.avif,https://www.fragrantica.es/perfume/Lattafa-Perfumes/Vintage-Radio-89454.html,no
Eau de Parfum,https://fimgs.net/mdimg/perfume-thumbs/dark-375x500.71868.2x.avif,https://www.fragrantica.es/perfume/Lattafa-Perfumes/Ramz-Lattafa-Silver-71868.html,no
Eau de Parfum,https://fimgs.net/mdimg/perfume-thumbs/dark-375x500.72821.2x.avif,https://www.fragrantica.es/perfume/Lattafa-Perfumes/Asad-72821.html,no
Eau de Parfum,https://fimgs.net/mdimg/perfume-thumbs/dark-375x500.82816.2x.avif,https://www.fragrantica.es/perfume/Lattafa-Perfumes/Al-Qiam-Gold-82816.html,no
Eau de Parfum,https://fimgs.net/mdimg/perfume-thumbs/dark-375x500.65414.2x.avif,https://www.fragrantica.es/perfume/Afnan/9pm-65414.html,no
Eau de Parfum,https://fimgs.net/mdimg/perfume-thumbs/dark-375x500.99238.2x.avif,https://www.fragrantica.es/perfume/Afnan/9-PM-Rebel-99238.html,no
Extrait de Parfum,https://fimgs.net/mdimg/perfume-thumbs/dark-375x500.123313.2x.avif,https://www.fragrantica.es/perfume/Afnan/9-PM-Night-Out-123313.html,no
Eau de Parfum,https://fimgs.net/mdimg/perfume-thumbs/dark-375x500.70839.2x.avif,https://www.fragrantica.es/perfume/Afnan/Turathi-Blue-70839.html,no
Eau de Parfum,https://fimgs.net/mdimg/perfume-thumbs/dark-375x500.72158.2x.avif,https://www.fragrantica.es/perfume/Jean-Paul-Gaultier/Le-Beau-Le-Parfum-72158.html,no
Eau de Parfum,https://fimgs.net/mdimg/perfume-thumbs/dark-375x500.54283.2x.avif,https://www.fragrantica.es/perfume/Swiss-Arabian/Shaghaf-Oud-Aswad-54283.html,no
Eau de Parfum,https://fimgs.net/mdimg/perfume-thumbs/dark-375x500.46890.2x.avif,https://www.fragrantica.es/perfume/Rasasi/Hawas-for-Him-46890.html,no
